name,created_at,deployed_at,is_revert
Izzy,2024-10-02 15:25:08,2024-10-28 10:42:52,FALSE
Hope,2024-10-04 08:46:39,2024-10-10 15:08:11,FALSE
Dave,2024-10-04 09:10:58,2024-10-07 12:02:07,FALSE
Quinn,2024-10-04 11:06:59,2024-10-07 16:12:58,FALSE
Poppy,2024-10-04 13:55:33,2024-10-07 09:12:25,FALSE
Poppy,2024-10-07 08:47:20,2024-10-07 09:44:26,FALSE
Abby,2024-10-07 09:13:22,2024-10-07 09:55:13,FALSE
Beth,2024-10-07 09:28:45,2024-10-07 10:58:57,FALSE
Beth,2024-10-07 09:37:21,2024-10-07 09:46:47,FALSE
Molly,2024-10-07 09:57:23,2024-10-07 11:31:48,FALSE
Kyle,2024-10-07 10:20:50,2024-10-07 14:20:00,FALSE
Collin,2024-10-07 10:21:34,2024-10-07 14:28:20,FALSE
Rob,2024-10-07 10:56:34,2024-10-07 14:27:04,FALSE
Poppy,2024-10-07 11:19:44,2024-10-07 14:33:11,FALSE
Molly,2024-10-07 11:43:53,2024-10-07 16:31:51,FALSE
Nick,2024-10-07 11:58:38,2024-10-07 12:14:45,FALSE
Collin,2024-10-07 11:59:36,2024-10-07 12:11:24,TRUE
Rob,2024-10-07 12:08:32,2024-10-07 12:21:48,TRUE
Nick,2024-10-07 12:12:07,2024-10-07 12:26:20,FALSE
Beth,2024-10-07 12:14:47,2024-10-14 12:28:16,FALSE
Rob,2024-10-07 13:14:38,2024-10-08 09:29:18,FALSE
Abby,2024-10-07 13:48:36,2024-10-07 14:52:37,FALSE
Beth,2024-10-07 13:54:45,2024-10-10 17:00:26,FALSE
John,2024-10-07 14:37:21,2024-10-07 15:32:50,FALSE
Collin,2024-10-07 15:01:20,2024-10-07 15:29:19,FALSE
Abby,2024-10-07 15:04:34,2024-10-07 15:40:23,FALSE
Poppy,2024-10-07 15:26:11,2024-10-07 17:32:25,FALSE
Beth,2024-10-07 16:41:00,2024-10-07 16:59:08,FALSE
Dave,2024-10-07 16:41:51,2024-10-08 10:30:30,FALSE
Kyle,2024-10-07 16:54:20,2024-10-07 17:35:49,FALSE
Oscar,2024-10-07 17:11:47,2024-10-08 10:34:40,FALSE
Abby,2024-10-07 17:17:24,2024-10-16 10:08:02,FALSE
Poppy,2024-10-08 09:42:51,2024-10-08 12:07:52,FALSE
Beth,2024-10-08 09:46:12,2024-10-08 11:04:35,FALSE
Molly,2024-10-08 09:59:56,2024-10-08 10:21:58,FALSE
Nick,2024-10-08 10:11:48,2024-10-08 10:48:42,FALSE
Rob,2024-10-08 10:23:55,2024-10-08 11:05:54,FALSE
Beth,2024-10-08 10:23:58,2024-10-08 12:15:53,FALSE
Nick,2024-10-08 11:03:05,2024-10-08 11:19:32,FALSE
Quinn,2024-10-08 11:15:52,2024-10-08 11:30:41,TRUE
Dave,2024-10-08 11:23:35,2024-10-08 15:50:37,FALSE
Nick,2024-10-08 11:26:03,2024-10-08 11:33:27,TRUE
Greg,2024-10-08 11:46:55,2024-10-08 12:12:25,FALSE
Collin,2024-10-08 11:59:46,2024-10-08 12:20:48,FALSE
Dave,2024-10-08 12:18:02,2024-10-08 13:06:19,FALSE
Quinn,2024-10-08 12:22:06,2024-10-08 12:39:09,FALSE
Molly,2024-10-08 12:31:14,2024-10-08 12:34:00,TRUE
Poppy,2024-10-08 13:37:30,2024-10-08 17:21:23,FALSE
Poppy,2024-10-08 13:47:38,2024-10-08 17:21:14,FALSE
Rob,2024-10-08 14:09:24,2024-10-08 14:55:07,FALSE
Oscar,2024-10-08 15:05:58,2024-10-08 16:32:59,FALSE
Oscar,2024-10-08 15:13:46,2024-10-08 15:59:26,FALSE
Poppy,2024-10-08 15:15:38,2024-10-08 17:21:33,FALSE
Oscar,2024-10-08 16:35:28,2024-10-08 16:39:08,TRUE
Beth,2024-10-08 16:44:19,2024-10-09 09:41:51,FALSE
Collin,2024-10-08 17:06:07,2024-10-09 12:20:45,FALSE
Quinn,2024-10-09 08:09:51,2024-10-09 09:11:11,FALSE
Dave,2024-10-09 09:32:30,2024-10-09 09:48:51,FALSE
Hope,2024-10-09 09:40:18,2024-10-09 10:13:58,FALSE
Quinn,2024-10-09 09:49:45,2024-10-09 11:52:22,FALSE
Beth,2024-10-09 10:19:56,2024-10-09 14:40:38,FALSE
Quinn,2024-10-09 10:50:19,2024-10-09 11:07:02,TRUE
Oscar,2024-10-09 10:53:39,2024-10-09 11:23:25,FALSE
Poppy,2024-10-09 12:07:28,2024-10-09 13:47:31,FALSE
Collin,2024-10-09 12:18:11,2024-10-09 13:07:14,FALSE
Greg,2024-10-09 12:20:24,2024-10-16 16:13:52,FALSE
Greg,2024-10-09 12:22:27,2024-10-09 17:42:22,FALSE
Rob,2024-10-09 12:32:45,2024-10-09 13:18:22,FALSE
Beth,2024-10-09 12:54:57,2024-10-10 10:03:49,FALSE
Quinn,2024-10-09 13:40:37,2024-10-09 14:56:51,FALSE
Evan,2024-10-09 13:40:50,2024-10-09 14:48:30,FALSE
Dave,2024-10-09 13:59:18,2024-10-09 16:43:08,FALSE
Rob,2024-10-09 14:31:35,2024-10-09 14:49:53,FALSE
Laura,2024-10-09 15:15:09,2024-10-09 15:33:51,TRUE
Kyle,2024-10-09 15:22:11,2024-10-10 16:35:23,FALSE
Quinn,2024-10-09 15:50:14,2024-10-09 17:29:32,FALSE
Beth,2024-10-09 16:02:45,2024-10-09 16:11:30,FALSE
Evan,2024-10-09 16:20:23,2024-10-10 13:27:47,FALSE
Oscar,2024-10-09 16:22:10,2024-10-09 17:03:29,FALSE
Nick,2024-10-09 16:43:47,2024-10-09 17:39:49,FALSE
Poppy,2024-10-10 08:35:32,2024-10-10 09:19:20,FALSE
Poppy,2024-10-10 09:24:38,2024-10-10 10:34:21,FALSE
Quinn,2024-10-10 10:35:21,2024-10-10 11:24:23,FALSE
Quinn,2024-10-10 11:27:18,2024-10-10 12:18:38,FALSE
Nick,2024-10-10 11:42:15,2024-10-10 12:21:07,FALSE
Evan,2024-10-10 12:00:20,2024-10-10 15:05:18,FALSE
Nick,2024-10-10 12:39:07,2024-10-10 14:06:35,FALSE
Kyle,2024-10-10 12:47:25,2024-10-10 13:42:26,FALSE
Nick,2024-10-10 13:30:55,2024-10-10 13:39:17,FALSE
Kyle,2024-10-10 14:11:01,2024-10-10 14:20:31,FALSE
Collin,2024-10-10 14:23:39,2024-10-10 15:59:20,FALSE
Oscar,2024-10-10 14:25:04,2024-10-10 15:23:55,FALSE
Rob,2024-10-10 14:48:58,2024-10-10 16:03:21,FALSE
Nick,2024-10-10 15:42:35,2024-10-10 16:20:42,FALSE
Evan,2024-10-10 15:45:34,2024-10-10 17:24:26,FALSE
Nick,2024-10-10 16:11:22,2024-10-10 16:25:04,TRUE
Poppy,2024-10-11 08:46:41,2024-10-11 10:03:29,FALSE
Hope,2024-10-11 08:54:50,2024-10-15 11:21:27,FALSE
Collin,2024-10-11 10:01:34,2024-10-11 10:17:12,FALSE
Nick,2024-10-11 10:15:58,2024-10-11 10:59:57,FALSE
Beth,2024-10-11 10:25:16,2024-10-11 10:46:29,FALSE
Beth,2024-10-11 11:20:25,2024-10-11 11:47:02,FALSE
Poppy,2024-10-11 11:56:47,2024-10-11 12:37:47,FALSE
Beth,2024-10-11 11:57:27,2024-10-11 12:07:02,FALSE
Kyle,2024-10-11 12:13:12,2024-10-11 13:35:21,FALSE
Beth,2024-10-11 12:13:25,2024-10-11 12:25:45,FALSE
Beth,2024-10-11 12:44:34,2024-10-11 12:47:52,FALSE
Collin,2024-10-11 12:50:40,2024-10-11 15:38:53,FALSE
Frank,2024-10-11 14:47:10,2024-10-11 15:47:57,FALSE
Beth,2024-10-11 16:10:04,2024-10-11 16:12:52,FALSE
Kyle,2024-10-11 16:16:40,2024-10-14 13:36:39,FALSE
Evan,2024-10-11 17:48:25,2024-10-14 10:26:44,FALSE
Dave,2024-10-14 07:44:17,2024-10-15 07:45:02,FALSE
Poppy,2024-10-14 09:03:09,2024-10-14 13:46:04,FALSE
Beth,2024-10-14 10:24:26,2024-10-14 10:29:29,FALSE
Beth,2024-10-14 10:34:35,2024-10-14 10:52:34,FALSE
Beth,2024-10-14 10:54:13,2024-10-14 12:20:36,FALSE
Quinn,2024-10-14 11:13:48,2024-10-14 14:06:22,FALSE
Quinn,2024-10-14 11:38:29,2024-10-14 13:04:10,FALSE
Quinn,2024-10-14 11:40:20,2024-10-14 13:13:22,FALSE
Quinn,2024-10-14 11:42:55,2024-10-14 15:06:13,FALSE
Quinn,2024-10-14 12:58:57,2024-10-14 15:58:24,FALSE
Quinn,2024-10-14 13:23:05,2024-10-14 16:19:16,FALSE
Quinn,2024-10-14 13:59:12,2024-10-14 16:38:30,FALSE
Beth,2024-10-14 14:23:01,2024-10-14 14:56:09,FALSE
Poppy,2024-10-14 14:37:53,2024-10-14 15:40:30,FALSE
Evan,2024-10-14 14:47:21,2024-10-14 15:45:16,FALSE
Poppy,2024-10-14 15:04:15,2024-10-14 16:06:46,FALSE
Quinn,2024-10-14 15:09:01,2024-10-14 16:56:47,FALSE
Poppy,2024-10-14 15:43:58,2024-10-15 09:39:47,FALSE
Beth,2024-10-14 15:50:14,2024-10-14 15:53:26,FALSE
Poppy,2024-10-14 16:02:25,2024-10-14 16:29:58,FALSE
Beth,2024-10-14 16:05:17,2024-10-14 16:11:37,FALSE
Beth,2024-10-14 16:26:47,2024-10-15 11:39:23,FALSE
Beth,2024-10-14 16:47:27,2024-10-14 16:54:13,FALSE
Evan,2024-10-14 17:42:00,2024-10-15 09:10:09,FALSE
Poppy,2024-10-15 08:44:20,2024-10-15 09:41:06,FALSE
Poppy,2024-10-15 09:44:26,2024-10-15 11:23:24,FALSE
Quinn,2024-10-15 09:50:53,2024-10-15 10:22:21,FALSE
Quinn,2024-10-15 10:20:39,2024-10-15 13:27:52,FALSE
John,2024-10-15 10:49:33,2024-10-15 17:04:43,FALSE
Dave,2024-10-15 10:55:38,2024-10-15 11:44:04,FALSE
Quinn,2024-10-15 11:03:00,2024-10-15 16:32:26,FALSE
Poppy,2024-10-15 11:20:14,2024-10-15 14:16:22,FALSE
Beth,2024-10-15 11:31:42,2024-10-15 11:52:29,FALSE
Evan,2024-10-15 11:57:42,2024-10-15 14:20:32,FALSE
Kyle,2024-10-15 14:21:48,2024-10-16 12:16:08,FALSE
Dave,2024-10-15 14:47:51,2024-10-15 15:22:26,FALSE
Dave,2024-10-15 15:51:34,2024-10-16 08:39:10,FALSE
Poppy,2024-10-15 16:26:34,2024-10-16 07:53:09,FALSE
Quinn,2024-10-15 16:30:20,2024-10-16 08:22:30,FALSE
Evan,2024-10-15 16:38:13,2024-10-16 09:07:48,FALSE
Hope,2024-10-15 16:53:27,2024-10-16 10:07:34,FALSE
John,2024-10-16 09:39:31,2024-10-16 10:17:53,FALSE
Quinn,2024-10-16 10:13:52,2024-10-16 12:30:23,FALSE
Molly,2024-10-16 10:16:11,2024-10-16 10:22:15,FALSE
Beth,2024-10-16 10:21:43,2024-10-16 10:29:15,FALSE
Poppy,2024-10-16 10:33:09,2024-10-16 11:22:42,FALSE
Oscar,2024-10-16 10:46:30,2024-10-16 11:47:42,FALSE
Poppy,2024-10-16 11:20:10,2024-10-16 14:49:07,FALSE
Beth,2024-10-16 11:32:11,2024-10-16 11:36:38,FALSE
Collin,2024-10-16 11:52:37,2024-10-16 12:54:36,FALSE
Quinn,2024-10-16 12:55:03,2024-10-16 13:30:27,FALSE
Abby,2024-10-16 13:41:13,2024-10-16 16:16:13,FALSE
Poppy,2024-10-16 14:08:55,2024-10-16 16:18:41,FALSE
Oscar,2024-10-16 14:12:19,2024-10-16 14:18:58,TRUE
Quinn,2024-10-16 14:15:24,2024-10-16 14:22:29,TRUE
Quinn,2024-10-16 14:22:12,2024-10-16 15:48:38,FALSE
Quinn,2024-10-16 14:55:07,2024-10-17 08:23:30,FALSE
Molly,2024-10-16 15:10:42,2024-10-16 17:01:04,FALSE
Beth,2024-10-16 15:11:34,2024-10-16 15:59:04,FALSE
Beth,2024-10-16 15:34:16,2024-10-16 16:03:35,FALSE
Dave,2024-10-16 16:00:01,2024-10-17 08:09:48,FALSE
Oscar,2024-10-16 16:29:44,2024-10-16 17:06:50,FALSE
Rob,2024-10-16 16:33:49,2024-10-17 12:48:27,FALSE
Evan,2024-10-16 16:33:58,2024-10-17 09:02:43,FALSE
Poppy,2024-10-16 16:36:43,2024-10-17 08:59:06,FALSE
Beth,2024-10-16 16:39:30,2024-10-16 16:46:31,FALSE
Beth,2024-10-16 16:54:40,2024-10-16 17:02:16,FALSE
John,2024-10-16 17:28:27,2024-10-17 12:39:21,FALSE
Kyle,2024-10-16 20:16:21,2024-10-17 09:50:26,FALSE
Evan,2024-10-17 09:36:54,2024-10-17 15:55:09,FALSE
Hope,2024-10-17 09:38:34,2024-10-17 10:41:33,FALSE
Beth,2024-10-17 09:52:03,2024-10-17 10:13:19,FALSE
Collin,2024-10-17 10:05:19,2024-10-17 10:51:38,FALSE
Dave,2024-10-17 10:09:12,2024-10-17 13:54:19,FALSE
Poppy,2024-10-17 10:36:57,2024-10-17 14:00:28,FALSE
Molly,2024-10-17 10:48:27,2024-10-17 12:01:39,FALSE
Oscar,2024-10-17 11:01:04,2024-10-17 13:06:18,FALSE
John,2024-10-17 11:02:37,2024-10-17 11:21:25,FALSE
Molly,2024-10-17 11:25:10,2024-10-17 13:39:50,FALSE
Beth,2024-10-17 11:33:04,2024-10-17 11:36:23,FALSE
Beth,2024-10-17 11:40:56,2024-10-17 13:57:10,FALSE
Dave,2024-10-17 11:41:05,2024-10-17 13:54:07,FALSE
Poppy,2024-10-17 11:45:27,2024-10-17 14:07:07,FALSE
Beth,2024-10-17 11:47:57,2024-10-17 12:02:40,FALSE
Poppy,2024-10-17 11:58:51,2024-10-17 15:57:11,FALSE
Hope,2024-10-17 12:21:37,2024-10-17 13:47:19,FALSE
Oscar,2024-10-17 13:11:42,2024-10-17 14:35:51,FALSE
Abby,2024-10-17 15:24:19,2024-10-17 15:39:30,TRUE
Poppy,2024-10-17 15:53:25,2024-10-18 14:13:50,FALSE
Evan,2024-10-17 15:57:51,2024-10-18 09:11:29,FALSE
Beth,2024-10-17 16:22:24,2024-10-17 16:23:08,FALSE
Hope,2024-10-17 23:30:10,2024-10-22 10:00:33,FALSE
Molly,2024-10-18 10:00:01,2024-10-18 11:44:46,FALSE
Evan,2024-10-18 10:10:02,2024-10-18 14:36:08,FALSE
Beth,2024-10-18 10:30:16,2024-10-18 15:01:05,FALSE
Poppy,2024-10-18 11:10:20,2024-10-18 11:22:32,TRUE
Hope,2024-10-18 11:18:31,2024-10-18 11:44:09,FALSE
Beth,2024-10-18 11:51:51,2024-10-18 11:53:14,FALSE
Beth,2024-10-18 12:08:28,2024-10-18 12:22:32,FALSE
Greg,2024-10-18 12:33:44,2024-10-18 15:21:43,FALSE
Poppy,2024-10-18 13:05:27,2024-10-18 16:15:42,FALSE
Beth,2024-10-18 13:36:42,2024-10-18 13:46:57,FALSE
Poppy,2024-10-18 13:43:01,2024-10-18 15:10:15,FALSE
Poppy,2024-10-18 14:27:33,2024-10-18 17:05:07,FALSE
Collin,2024-10-18 15:06:16,2024-10-21 11:27:47,FALSE
Beth,2024-10-18 15:09:11,2024-10-18 17:14:52,FALSE
Collin,2024-10-18 15:13:33,2024-10-21 11:53:23,FALSE
Poppy,2024-10-18 15:47:32,2024-10-18 17:05:23,FALSE
Poppy,2024-10-18 16:05:41,2024-10-21 08:56:32,FALSE
Evan,2024-10-18 16:16:08,2024-10-21 09:21:22,FALSE
Evan,2024-10-18 17:40:28,2024-10-21 09:15:53,FALSE
John,2024-10-21 09:14:26,2024-10-21 09:48:32,FALSE
Evan,2024-10-21 09:25:55,2024-10-21 13:23:51,FALSE
John,2024-10-21 09:41:30,2024-10-21 12:48:14,FALSE
Kyle,2024-10-21 10:06:44,2024-10-21 15:59:12,FALSE
Beth,2024-10-21 10:29:10,2024-10-21 11:08:37,FALSE
Beth,2024-10-21 10:34:18,2024-10-21 10:45:20,FALSE
Evan,2024-10-21 10:39:19,2024-10-21 13:27:24,FALSE
Quinn,2024-10-21 11:03:52,2024-10-21 13:01:04,FALSE
Beth,2024-10-21 12:00:07,2024-10-21 12:15:52,FALSE
Frank,2024-10-21 12:27:28,2024-10-21 13:59:13,FALSE
John,2024-10-21 12:40:26,2024-10-21 14:25:00,FALSE
Quinn,2024-10-21 13:15:36,2024-10-21 14:37:53,FALSE
Poppy,2024-10-21 13:32:34,2024-10-21 16:01:58,FALSE
Abby,2024-10-21 13:38:35,2024-10-21 15:59:42,FALSE
Dave,2024-10-21 13:54:02,2024-10-21 16:22:44,FALSE
Beth,2024-10-21 14:19:46,2024-10-22 15:24:41,FALSE
Beth,2024-10-21 14:25:58,2024-10-21 14:46:24,FALSE
Evan,2024-10-21 15:29:49,2024-10-21 16:54:42,FALSE
Beth,2024-10-21 15:42:07,2024-10-21 15:44:22,FALSE
Beth,2024-10-21 15:48:23,2024-10-21 15:49:40,FALSE
Beth,2024-10-21 15:55:35,2024-10-21 15:56:35,FALSE
Beth,2024-10-21 16:06:42,2024-10-21 16:07:52,FALSE
Quinn,2024-10-21 16:22:45,2024-10-22 10:28:43,FALSE
Poppy,2024-10-21 16:35:35,2024-10-22 09:47:45,FALSE
Abby,2024-10-21 16:35:47,2024-10-21 17:00:51,TRUE
Collin,2024-10-21 16:53:52,2024-10-21 17:24:18,FALSE
Dave,2024-10-22 08:51:30,2024-10-22 14:02:08,FALSE
Quinn,2024-10-22 09:25:43,2024-10-22 10:41:55,FALSE
Poppy,2024-10-22 10:56:41,2024-10-22 13:43:06,FALSE
Hope,2024-10-22 11:19:26,2024-10-22 17:23:18,FALSE
John,2024-10-22 11:21:27,2024-10-22 11:36:40,FALSE
Quinn,2024-10-22 11:41:59,2024-10-22 12:49:30,FALSE
Evan,2024-10-22 11:51:11,2024-10-22 15:49:03,FALSE
Nick,2024-10-22 12:20:34,2024-10-22 13:29:49,FALSE
Beth,2024-10-22 13:01:20,2024-10-22 13:03:55,FALSE
John,2024-10-22 13:28:08,2024-10-22 15:16:44,FALSE
Nick,2024-10-22 13:31:56,2024-10-22 14:34:40,FALSE
Nick,2024-10-22 14:01:48,2024-10-22 16:02:33,FALSE
Abby,2024-10-22 14:06:18,2024-10-24 14:47:29,FALSE
Collin,2024-10-22 14:20:59,2024-10-22 15:34:40,FALSE
Beth,2024-10-22 14:22:09,2024-10-22 14:30:38,FALSE
Collin,2024-10-22 14:32:46,2024-10-22 14:43:07,TRUE
Beth,2024-10-22 14:36:49,2024-10-22 14:37:35,FALSE
Greg,2024-10-22 14:59:41,2024-10-23 10:15:36,FALSE
Frank,2024-10-22 15:01:01,2024-10-22 17:22:09,FALSE
Rob,2024-10-22 15:18:12,2024-10-22 16:17:09,FALSE
Beth,2024-10-22 15:18:43,2024-10-22 15:20:40,FALSE
Beth,2024-10-22 15:24:20,2024-10-22 15:25:01,FALSE
Frank,2024-10-22 15:27:44,2024-10-22 16:37:04,FALSE
Evan,2024-10-22 15:46:07,2024-10-22 17:15:46,FALSE
Beth,2024-10-22 15:55:48,2024-10-22 15:57:44,FALSE
Nick,2024-10-22 16:16:50,2024-10-22 16:48:27,FALSE
Nick,2024-10-22 16:29:13,2024-10-22 18:16:10,FALSE
Rob,2024-10-22 16:52:28,2024-10-22 17:11:29,FALSE
Dave,2024-10-22 17:14:38,2024-10-23 10:16:27,FALSE
John,2024-10-22 17:27:32,2024-10-22 17:35:39,FALSE
Frank,2024-10-22 17:46:25,2024-10-23 09:46:16,FALSE
Poppy,2024-10-23 08:29:31,2024-10-23 09:48:29,FALSE
Beth,2024-10-23 10:26:58,2024-10-23 10:32:26,FALSE
Oscar,2024-10-23 10:33:36,2024-10-23 10:55:36,FALSE
Hope,2024-10-23 10:56:40,2024-10-23 13:29:35,FALSE
John,2024-10-23 11:03:22,2024-10-23 14:34:01,FALSE
Beth,2024-10-23 11:19:38,2024-10-23 11:51:24,FALSE
Rob,2024-10-23 11:31:11,2024-10-23 14:41:11,FALSE
Nick,2024-10-23 13:00:05,2024-10-23 15:28:12,FALSE
Collin,2024-10-23 14:24:08,2024-10-23 15:57:45,FALSE
Beth,2024-10-23 14:32:04,2024-10-23 14:41:20,FALSE
Beth,2024-10-23 14:45:47,2024-10-23 14:46:58,FALSE
Nick,2024-10-23 15:38:44,2024-10-23 16:10:28,FALSE
Nick,2024-10-23 15:42:51,2024-10-23 16:10:43,FALSE
John,2024-10-23 15:54:57,2024-10-24 13:35:24,FALSE
Nick,2024-10-23 16:03:01,2024-10-24 09:37:03,FALSE
Nick,2024-10-23 16:28:57,2024-10-24 09:47:42,FALSE
Evan,2024-10-23 16:43:22,2024-10-24 09:13:27,FALSE
Poppy,2024-10-23 17:28:03,2024-10-24 10:57:07,FALSE
Evan,2024-10-23 17:38:56,2024-10-24 10:52:41,FALSE
Kyle,2024-10-23 20:45:40,2024-10-24 09:20:01,FALSE
Dave,2024-10-23 21:27:24,2024-10-24 10:05:37,FALSE
Nick,2024-10-24 10:28:30,2024-10-24 10:41:16,TRUE
Poppy,2024-10-24 10:32:10,2024-10-24 11:47:14,FALSE
Izzy,2024-10-24 10:37:44,2024-10-24 10:43:25,FALSE
Kyle,2024-10-24 10:46:15,2024-10-24 16:41:15,FALSE
Nick,2024-10-24 10:52:04,2024-10-24 11:08:56,FALSE
Nick,2024-10-24 11:11:54,2024-10-24 11:48:51,FALSE
Dave,2024-10-24 11:33:07,2024-10-24 13:34:08,FALSE
Nick,2024-10-24 11:46:45,2024-10-24 13:20:36,FALSE
John,2024-10-24 11:55:13,2024-10-24 15:13:14,FALSE
Nick,2024-10-24 12:03:04,2024-10-24 13:31:55,FALSE
Poppy,2024-10-24 12:08:21,2024-10-24 16:01:35,FALSE
Collin,2024-10-24 12:17:20,2024-10-24 13:12:13,FALSE
Frank,2024-10-24 12:40:57,2024-10-24 14:11:58,FALSE
Nick,2024-10-24 13:54:30,2024-10-24 15:23:45,FALSE
Frank,2024-10-24 14:07:53,2024-10-24 14:21:23,FALSE
Beth,2024-10-24 14:35:44,2024-10-24 14:39:41,FALSE
Nick,2024-10-24 15:31:00,2024-10-25 10:55:44,FALSE
Collin,2024-10-24 15:35:46,2024-10-25 13:15:23,FALSE
Hope,2024-10-24 15:58:30,2024-10-25 10:33:32,FALSE
Beth,2024-10-24 16:37:04,2024-10-24 16:37:14,FALSE
Molly,2024-10-24 16:43:16,2024-10-25 08:36:18,FALSE
Evan,2024-10-24 16:46:01,2024-10-25 11:40:49,FALSE
Poppy,2024-10-24 16:58:03,2024-10-28 10:00:27,FALSE
Dave,2024-10-25 08:58:02,2024-10-25 10:47:30,FALSE
Molly,2024-10-25 10:03:06,2024-10-25 11:09:37,FALSE
Laura,2024-10-25 10:09:55,2024-10-25 11:56:35,FALSE
Evan,2024-10-25 11:20:02,2024-10-28 08:57:00,FALSE
Nick,2024-10-25 11:22:40,2024-10-25 12:34:00,FALSE
Molly,2024-10-25 11:31:53,2024-10-25 12:26:21,FALSE
Molly,2024-10-25 12:41:31,2024-10-25 13:15:49,TRUE
Oscar,2024-10-25 12:50:16,2024-10-25 14:45:44,FALSE
Hope,2024-10-25 13:13:15,2024-10-25 13:43:20,FALSE
Izzy,2024-10-25 13:50:40,2024-10-25 15:17:58,FALSE
Beth,2024-10-25 14:21:26,2024-10-25 14:24:31,FALSE
Oscar,2024-10-25 15:06:45,2024-10-28 10:00:14,FALSE
Abby,2024-10-25 15:35:13,2024-10-28 11:23:47,FALSE
Poppy,2024-10-28 07:47:23,2024-10-28 08:52:23,FALSE
Poppy,2024-10-28 08:10:07,2024-10-28 08:55:56,FALSE
Evan,2024-10-28 08:46:13,2024-10-28 10:37:50,FALSE
Beth,2024-10-28 09:46:42,2024-10-28 09:47:43,FALSE
Poppy,2024-10-28 10:01:00,2024-10-28 11:04:35,FALSE
Beth,2024-10-28 10:37:29,2024-10-28 10:41:37,FALSE
Oscar,2024-10-28 10:57:49,2024-10-28 11:08:38,FALSE
Poppy,2024-10-28 11:02:28,2024-10-28 14:03:27,FALSE
Beth,2024-10-28 11:20:16,2024-10-29 10:23:51,FALSE
Poppy,2024-10-28 11:22:46,2024-10-28 14:03:50,FALSE
Nick,2024-10-28 11:37:06,2024-10-28 12:08:02,FALSE
Frank,2024-10-28 12:23:25,2024-10-28 15:38:34,FALSE
Nick,2024-10-28 12:40:54,2024-10-28 16:50:28,FALSE
Nick,2024-10-28 12:42:02,2024-10-28 12:52:31,FALSE
Poppy,2024-10-28 14:18:18,2024-10-28 16:37:12,FALSE
Izzy,2024-10-28 15:14:06,2024-10-28 15:27:25,FALSE
Izzy,2024-10-28 15:57:09,2024-10-28 16:11:59,FALSE
Poppy,2024-10-28 16:18:03,2024-10-29 07:44:55,FALSE
Izzy,2024-10-28 16:30:55,2024-10-29 10:36:22,FALSE
Rob,2024-10-28 16:33:52,2024-10-28 16:49:02,FALSE
Evan,2024-10-28 17:25:38,2024-10-29 08:23:45,FALSE
Nick,2024-10-28 17:33:13,2024-10-29 10:33:47,FALSE
John,2024-10-28 17:34:04,2024-10-29 10:06:42,FALSE
Frank,2024-10-28 20:08:25,2024-10-29 09:26:23,FALSE
Nick,2024-10-29 10:27:20,2024-10-29 11:03:26,FALSE
Collin,2024-10-29 10:31:59,2024-10-29 10:55:51,FALSE
Poppy,2024-10-29 11:41:19,2024-10-30 09:14:52,FALSE
Evan,2024-10-29 12:14:28,2024-10-29 14:40:03,FALSE
Rob,2024-10-29 12:52:50,2024-10-29 15:52:02,FALSE
Izzy,2024-10-29 12:54:16,2024-10-29 14:04:32,FALSE
Izzy,2024-10-29 13:13:00,2024-10-31 14:18:38,FALSE
Nick,2024-10-29 13:30:49,2024-10-29 14:33:12,FALSE
Collin,2024-10-29 13:47:14,2024-10-29 13:53:44,FALSE
Poppy,2024-10-29 13:49:17,2024-10-29 15:43:36,FALSE
Laura,2024-10-29 13:58:52,2024-10-30 09:19:01,FALSE
Izzy,2024-10-29 14:10:30,2024-10-29 14:12:26,FALSE
Izzy,2024-10-29 14:17:10,2024-10-29 14:22:13,FALSE
Izzy,2024-10-29 14:33:50,2024-10-29 14:47:56,FALSE
Evan,2024-10-29 14:46:42,2024-10-29 16:26:15,FALSE
Izzy,2024-10-29 14:50:16,2024-10-29 15:05:10,FALSE
Izzy,2024-10-29 15:02:09,2024-10-29 15:07:16,FALSE
Molly,2024-10-29 15:08:24,2024-10-30 11:10:01,FALSE
Rob,2024-10-29 16:02:23,2024-10-29 16:34:08,FALSE
John,2024-10-29 16:06:48,2024-10-30 09:37:36,FALSE
Frank,2024-10-29 16:32:12,2024-10-30 09:14:11,FALSE
Molly,2024-10-30 08:39:33,2024-10-30 09:17:19,FALSE
Poppy,2024-10-30 08:48:43,2024-10-30 10:46:18,FALSE
Molly,2024-10-30 08:50:57,2024-10-30 09:17:26,FALSE
John,2024-10-30 09:25:07,2024-10-30 09:37:27,FALSE
Izzy,2024-10-30 09:47:18,2024-10-30 11:48:44,FALSE
Poppy,2024-10-30 10:04:45,2024-10-30 11:56:06,FALSE
Evan,2024-10-30 10:50:25,2024-10-30 15:06:57,FALSE
Nick,2024-10-30 11:18:11,2024-10-30 12:50:57,FALSE
Izzy,2024-10-30 11:21:12,2024-10-30 11:29:45,FALSE
Beth,2024-10-30 11:21:22,2024-10-30 11:35:11,FALSE
Molly,2024-10-30 11:22:00,2024-10-30 11:50:35,FALSE
Nick,2024-10-30 11:45:23,2024-10-30 13:32:40,FALSE
Izzy,2024-10-30 11:53:27,2024-10-30 16:02:53,FALSE
Nick,2024-10-30 12:17:13,2024-10-30 13:24:51,FALSE
Oscar,2024-10-30 12:25:46,2024-10-30 14:04:52,FALSE
Nick,2024-10-30 13:06:12,2024-10-30 14:25:16,FALSE
Izzy,2024-10-30 13:11:09,2024-10-30 14:30:55,FALSE
Nick,2024-10-30 13:47:40,2024-10-30 14:53:32,FALSE
Poppy,2024-10-30 14:33:20,2024-10-30 16:32:09,FALSE
Poppy,2024-10-30 15:30:21,2024-10-31 07:38:06,FALSE
Poppy,2024-10-30 15:33:52,2024-10-31 07:38:26,FALSE
Nick,2024-10-30 15:36:34,2024-10-30 16:15:06,FALSE
Nick,2024-10-30 15:57:38,2024-10-30 16:03:20,TRUE
Nick,2024-10-30 16:10:26,2024-10-31 09:42:48,FALSE
Rob,2024-10-30 16:19:29,2024-10-30 16:56:31,FALSE
Nick,2024-10-30 16:25:57,2024-10-30 17:19:07,FALSE
Evan,2024-10-30 17:24:56,2024-10-31 08:43:26,FALSE
Laura,2024-10-30 18:51:22,2024-10-31 09:51:16,FALSE
John,2024-10-30 19:15:28,2024-10-31 15:12:02,FALSE
Frank,2024-10-30 19:59:46,2024-10-31 08:34:44,FALSE
Frank,2024-10-30 20:48:22,2024-10-31 14:57:51,FALSE
Poppy,2024-10-31 09:16:53,2024-10-31 10:49:40,FALSE
Nick,2024-10-31 09:50:53,2024-10-31 11:31:33,FALSE
Poppy,2024-10-31 09:53:11,2024-10-31 11:26:22,FALSE
Nick,2024-10-31 10:38:16,2024-10-31 12:21:13,FALSE
Nick,2024-10-31 10:49:07,2024-10-31 11:49:31,FALSE
Kyle,2024-10-31 10:58:53,2024-10-31 12:06:31,FALSE
Beth,2024-10-31 10:59:45,2024-10-31 11:10:44,FALSE
Poppy,2024-10-31 11:33:40,2024-10-31 16:08:13,FALSE
Quinn,2024-10-31 12:57:22,2024-10-31 13:45:18,FALSE
Beth,2024-10-31 13:14:18,2024-10-31 15:22:40,FALSE
Poppy,2024-10-31 13:45:26,2024-10-31 16:12:36,FALSE
Izzy,2024-10-31 13:55:54,2024-10-31 14:16:32,FALSE
Molly,2024-10-31 13:57:03,2024-10-31 15:03:43,FALSE
Nick,2024-10-31 14:17:15,2024-10-31 15:18:17,FALSE
Izzy,2024-10-31 14:34:08,2024-10-31 14:36:47,FALSE
Beth,2024-10-31 14:34:08,2024-10-31 14:34:56,FALSE
Izzy,2024-10-31 14:34:25,2024-10-31 14:35:46,TRUE
Poppy,2024-10-31 14:39:28,2024-10-31 16:14:23,FALSE
Izzy,2024-10-31 14:44:00,2024-10-31 15:17:51,FALSE
Izzy,2024-10-31 14:47:52,2024-10-31 14:59:13,FALSE
Rob,2024-10-31 15:11:20,2024-10-31 15:59:39,FALSE
Molly,2024-10-31 15:14:17,2024-10-31 15:45:43,TRUE
Evan,2024-10-31 15:35:48,2024-11-01 08:54:53,FALSE
Oscar,2024-10-31 15:35:57,2024-10-31 16:00:35,FALSE
Quinn,2024-10-31 15:39:27,2024-10-31 15:57:16,FALSE
Rob,2024-10-31 16:19:48,2024-11-01 07:30:03,FALSE
Quinn,2024-10-31 16:29:09,2024-11-01 11:06:33,FALSE
Poppy,2024-10-31 16:44:41,2024-11-01 08:57:23,FALSE
Nick,2024-10-31 17:26:49,2024-11-01 12:37:52,FALSE
Evan,2024-10-31 17:43:06,2024-11-01 09:48:52,FALSE
Poppy,2024-11-01 09:28:18,2024-11-01 11:23:13,FALSE
Molly,2024-11-01 09:44:52,2024-11-01 10:07:37,FALSE
Rob,2024-11-01 09:54:36,2024-11-01 11:48:14,FALSE
Kyle,2024-11-01 11:21:14,2024-11-01 12:29:51,FALSE
Beth,2024-11-01 11:40:46,2024-11-01 11:43:07,FALSE
Collin,2024-11-01 12:42:07,2024-11-01 12:48:10,FALSE
Collin,2024-11-01 13:13:08,2024-11-01 14:09:47,FALSE
Beth,2024-11-01 14:50:06,2024-11-01 14:51:29,FALSE